city,pop,percentile
Winnebago village,774,0.25380710659898476
Madison city,2438,0.7461928934010152
West Point city,3364,0.7868020304568528
Schuyler city,6211,0.868020304568528
Crete city,6960,0.883248730964467
Lexington city,10230,0.9238578680203046
Scottsbluff city,15039,0.9390862944162437
Norfolk city,24210,0.9593908629441624
North Platte city,24733,0.9644670050761421
Hastings city,24907,0.9695431472081218
Fremont city,26397,0.9746192893401016
